{"model/loss":0,"game/avg_pieces_100":0.52,"model/epsilon":0.5009994999999999,"game/avg_lines_100":0.01,"game/avg_rewards_100":273.38,"epoch":1000,"_step":9,"game/avg_score_100":0.11,"_wandb":{"runtime":4},"game/best_lines_100":1,"_runtime":4,"_timestamp":1.7835783003067675e+09}