{"game/avg_score_100":5168.47,"game/best_lines_100":3900,"model/loss":1700.5108688354492,"epoch":2600,"model/epsilon":0.001,"game/avg_lines_100":225.6,"_runtime":3054,"game/avg_rewards_100":5798.23,"_step":25,"_wandb":{"runtime":3054},"game/avg_pieces_100":597.64,"_timestamp":1.7836875092120173e+09}