{"game/avg_lines_100":0,"_runtime":23,"game/avg_score_100":0,"model/loss":55306.006281777045,"_timestamp":1.7835782514232101e+09,"game/avg_rewards_100":265.19,"epoch":3000,"game/avg_pieces_100":0.28,"_wandb":{"runtime":23},"_step":29,"model/epsilon":0.001,"game/best_lines_100":0}