{"game/avg_rewards_100":8017.79,"game/avg_lines_100":351.14,"_step":27,"game/avg_pieces_100":910.33,"game/best_lines_100":1998,"epoch":2800,"_wandb":{"runtime":1690},"model/epsilon":0.001,"_timestamp":1.783738061581669e+09,"model/loss":674.4855333328247,"_runtime":1690,"game/avg_score_100":7175.35}