{"_runtime":1593,"game/best_lines_100":2252,"game/avg_pieces_100":371.49,"game/avg_score_100":3294.71,"game/avg_rewards_100":3756.8,"game/avg_lines_100":134.84,"model/epsilon":0.001,"model/loss":1317.127029239352,"epoch":3000,"_timestamp":1.7830720250241659e+09,"_wandb":{"runtime":1593},"_step":29}