{"game/best_lines_100":8409,"game/avg_pieces_100":1131.08,"epoch":3000,"game/avg_rewards_100":11008.58,"_timestamp":1.7837328787709193e+09,"game/avg_lines_100":438.06,"model/loss":954.3557550048828,"model/epsilon":0.001,"_step":29,"_wandb":{"runtime":2357},"game/avg_score_100":9969.4,"_runtime":2357}