{"_runtime":4154,"epoch":3000,"game/avg_lines_100":808.82,"game/avg_score_100":15202.86,"_wandb":{"runtime":4154},"game/best_lines_100":10000,"game/avg_pieces_100":2056.69,"_step":29,"model/loss":892.2227828598022,"_timestamp":1.7837429133095531e+09,"game/avg_rewards_100":16858.01,"model/epsilon":0.001}