{"_wandb":{"runtime":86},"game/avg_rewards_100":225.79,"model/loss":524.0529010009766,"_step":11,"epoch":1200,"_runtime":86,"game/avg_lines_100":0.09,"game/avg_score_100":0.99,"game/best_lines_100":4,"game/avg_pieces_100":23.4,"model/epsilon":0.406495,"_timestamp":1.783689534062228e+09}