{"game/avg_score_100":270.64,"game/avg_rewards_100":504.89,"game/avg_lines_100":13.58,"_step":19,"_timestamp":1.7836894227077382e+09,"_wandb":{"runtime":163},"model/loss":640.9713482666016,"_runtime":163,"model/epsilon":0.050475000000000006,"game/best_lines_100":73,"game/avg_pieces_100":67.7,"epoch":2000}