{"game/avg_pieces_100":18.61,"epoch":100,"_step":0,"game/avg_lines_100":0.03,"game/avg_rewards_100":244.5,"_wandb":{"runtime":6},"game/best_lines_100":1,"model/epsilon":0.9505494999999999,"_runtime":6,"_timestamp":1.7835783554494905e+09,"model/loss":0,"game/avg_score_100":0.33}